Link,Title,Location,Salary,Summary
https://kr.indeed.com/viewjob?jk=be6c1f03fa566f8e,추천 시스템 연구/개발,성남 판교역,,"분야 석사 또는 박사 학위 소지자 적어도 하나 이상의 능숙한 프로그래밍 언어가 있으신 분 우대사항 Python, C++, GPU 프로그래밍 숙련자 TensorFlow, PyTorch, implicit 등 머신러닝/추천..."
https://kr.indeed.com/viewjob?jk=b0e39e829a425353,카카오 광고 최적화 연구 및 개발,성남 판교역,,"활용한 어플리케이션 개발 지원자격 하나 이상의 프로그래밍 언어에 익숙한 분 (C/C++, Java, Python, Go, Scala 등) [알고리즘 개발 업무 관련 지원 경우] 데이터 마이닝 또는 머신러닝 지식/경험이..."
https://kr.indeed.com/viewjob?jk=119a763a71f6570d,경력 개발자,경상남도,,래머>백엔드|인터넷·IT·통신·모바일·게임>웹프로그래머>프론트엔드|인터넷·IT·통신·모바일·게임>웹프로그래머> Python|인터넷·IT·통신·모바일·게임>응용프로그래머>생체인식(바이오인식)|인터넷·IT·통신·모바일·게임>응용프...
https://kr.indeed.com/viewjob?jk=19beeb5c7f50c5b4,데이터 사이언티스트,서울,,맞게 데이터 모델 및 스키마를 꾸준히 개발 및 발전 * 이런 역량을 가지신 분을 찾습니다. - SQL / Python / R 등 데이터 분석 업무를 수행할 수 있는 하나 이상의 개발 언어를 경험하신 분 - 통계 지식에 대한...
https://kr.indeed.com/viewjob?jk=cb973769974700e0,"Software Engineer, Android Connectivity",서울,,"one or more... following languages: C, C++, Java, or Python. Preferred qualifications: 5 years of experience in Android..."
https://kr.indeed.com/viewjob?jk=b6950e35673a5474,[SAPEON Korea] SDK 부문 개발자,성남 분당구,,인터넷·IT·통신·모바일·게임>웹프로그래머>ASP.NET|인터넷·IT·통신·모바일·게임>웹프로그래머> Python|인터넷·IT·통신·모바일·게임>웹프로그래머>프론트엔드|인터넷·IT·통신·모바일·게임>웹프로그래머>백엔드|인터넷...
https://kr.indeed.com/viewjob?jk=649ccf047c868778,"금융 데이터 분석 엔진, 로보어드바이저 개발자",서울 영등포구,,"시스템, 머신러닝, 자연어처리. 패턴분석 - 다음 언어에서 최소 한 가지 이상 능숙자: Java, C++, Python, JavaScript 우대사항 - 석사이상 컴퓨터공학 (Computer Science) 분야 또는..."
https://kr.indeed.com/viewjob?jk=45ef50c3481fd92f,[신용리스크모델링 Intern] 개인 신용평가모형 개발 및 운영직(채용 연계형),성남 삼평동,,"Learning을 비롯한 최신 통계모형을 활용하여 신용평가모형을 개발하고 운영합니다. SAS, SQL, Python, R 등을 활용한 데이터 분석 능력이 필요하며, 데이터 분석 대회에서 입상한 분, 통계/수학/산업공학/상경계..."
https://kr.indeed.com/viewjob?jk=9205c6ddd797cac4,Planning and Scheduling Optimization Development Engineer,성남 분당구,,teams.New PhDs are encouraged to apply. 인터넷·IT·통신·모바일·게임>웹프로그래머> Python|생산·정비·기능·노무>생산관리>공장장|인터넷·IT·통신·모바일·게임>소프트웨어·하드웨어>소프트웨어
https://kr.indeed.com/viewjob?jk=73f1cc68f788aba4,"웹프로그래머, 웹개발자 신입/경력 정규직, 계약직",서울 강동구,,인터넷·IT·통신·모바일·게임>웹프로그래머>ASP.NET|인터넷·IT·통신·모바일·게임>웹프로그래머> Python|인터넷·IT·통신·모바일·게임>웹프로그래머>프론트엔드|인터넷·IT·통신·모바일·게임>웹프로그래머>백엔드|인터넷...
https://kr.indeed.com/viewjob?jk=19da3484bd7a72f1,Machine Learning R&D 연구원,서울 서초구,,"가능) ㆍ최신 딥러닝, 기계학습 이론에 대한 이해 및 구현 역량 ㆍ Python, TnsorFlow, C/C++, TensorRT 등 프로그래밍 실무... 대한 이해 및 구현 역량 ㆍ Python, TnsorFlow, C/C++..."
https://kr.indeed.com/viewjob?jk=9f0ce22eee4259bb,"교육 기획/운영, 시스템 기획",서울 성동구,"연봉 32,000,000원 - 36,000,000원","Science, Data Science, AI, Algorithm, Python 등... 데이터 분석, 인공지능, 프로그래밍 언어) 교육에 관심... AI, Algorithm, Python 등)• IT(데이터 분석, 인공지능..."
https://kr.indeed.com/viewjob?jk=3b7dbdf85a326a6d,국내 대기업 - AI 및 딥러닝 관련 경력자,서울,,"관련 전문 지식 있는 분 - Python 또는 Scala, JAVA 활용... 레임워크 활용 역량 좋은 분- 자연어처리 관련 전문 지식 있는 분- Python 또는 Scala, JAVA 활용 역량- 미디어/커머스/전자/IT 업계..."
https://kr.indeed.com/viewjob?jk=4c25d6649f8434a8,[외국계 스타트업 미소] Business Analyst Intern (정규직 전환형),서울,,통신·모바일·게임>빅데이터·AI(인공지능)>데이터분석|인터넷·IT·통신·모바일·게임>빅데이터·AI(인공지능)> Python|인터넷·IT·통신·모바일·게임>데이터베이스·DBA>MySQL|인터넷·IT·통신·모바일·게임>데이터베이스...
https://kr.indeed.com/viewjob?jk=7fe0c284fbf4045f,CRM 및 마케팅 데이터분석 담당자 - 국내 대기업 계열사,서울,,"역량 (SQL 및 SAS, R, Python 등) - 통계 지식 보유 및... 경력자- 대용량 데이터 분석 툴 활용 역량 (SQL 및 SAS, R, Python 등)- 통계 지식 보유 및 데이터 모델링 가능자 우대- CRM 업무..."
https://kr.indeed.com/viewjob?jk=72d0031af322a59f,[코닝테크놀로지센터코리아] 연구원,충청남도 아산,,게임>빅데이터·AI(인공지능)>tensorflow|인터넷·IT·통신·모바일·게임>빅데이터·AI(인공지능)> Python|인터넷·IT·통신·모바일·게임>응용프로그래머>머신러닝(ML)|인터넷·IT·통신·모바일·게임>응용프로그래머...
https://kr.indeed.com/viewjob?jk=43835708050a81c8,[TmaxAI/R&D] AI & FinTech 부문 프론트엔드 개발자,성남 분당구,,"전산관련 전공 - 반응형 디자인, 웹 접근성, 웹 표준을 고려한 UI 개발 경험이 있는 분 - Node.js, Python, PHP와 같은 다양한 언어 및 프레임워크 경험이 있는 분 - 테스트 및 배포 자동화 경험이 있는 분..."
https://kr.indeed.com/viewjob?jk=6e8bde30e3d76a07,ID사업부 Software R&D 경력,경기도 평택,,"사용 가능 php, java, python, node.js) - SQL... Programming Language : C, C++, Java, Python등 - Linux Embedded System 개발 4)우대 사항..."
https://kr.indeed.com/viewjob?jk=4ea78a5fc824bb1e,WebRTC UC & Collaboration Frontend & Backend Developer,서울,,"Node.js, React.js, React-native, Python Preferred domain experience: Public Cloud... js, React-native, Python 선호 기술 분야: 퍼블릭 클라..."
https://kr.indeed.com/viewjob?jk=5c9f84f18b1b4944,2022 데이터 사이언티스트 부문,서울 강남구,,인터넷·IT·통신·모바일·게임>ERP·시스템분석·설계>딥러닝|인터넷·IT·통신·모바일·게임>빅데이터·AI(인공지능)>머신러닝|인터넷·IT·통신·모바일·게임>빅데이터·AI(인공지능)> Python
https://kr.indeed.com/viewjob?jk=2b2dcd3ffe3d53df,카카오 데이터의 가치를 발굴할 데이터 분석가 모집,성남 판교역,,"기술 통계량 이해 및 해석) 데이터 분석 업무를 수행할 수 있는 언어 스킬 필수 SQL 필수 R 또는 Python을 다룰 수 있는 분 (SAS, SPSS, GA, tableau 등 통계 툴만 사용 가능한 경우 제외) 하둡..."
https://kr.indeed.com/viewjob?jk=8fa17c6073918c5b,[경력] 하둡 플랫폼 서비스 개발자 모집,성남 판교역,,"에 대한 기본 지식 Hadoop/ecosystem 활용/개발 경험 3년 이상 Java 필수, 그 외 Python, Ruby 중 1개 이상 언어로 개발 가능 Web framework를 이용한 서비스 개발 경험 우대 자격..."
https://kr.indeed.com/viewjob?jk=aac8e9355cb855ac,[인재풀] 아티스트 ART,서울,,Maya or 3D Max등의 아트웍 툴 사용 경험 Max script 또는 Mel Script의 사용 경험 C# 또는 Python 언어에 대한 이해 및 활용 능력 아트웍 관련 툴 제작 또는 플러그인 제작 경험
https://kr.indeed.com/viewjob?jk=21d2c5a3f43370e1,[ HDC 랩스 ] 2022년 상반기 경력,성남 분당구,,인터넷·IT·통신·모바일·게임>웹프로그래머>백엔드|인터넷·IT·통신·모바일·게임>빅데이터·AI(인공지능)> Python|인터넷·IT·통신·모바일·게임>빅데이터·AI(인공지능)>빅데이터|인터넷·IT·통신·모바일·게임>네트워크...
https://kr.indeed.com/viewjob?jk=5842bf7f00547688,S/W개발 신입/경력 정규직,서울 성동구,,인터넷·IT·통신·모바일·게임>응용프로그래머>자바스크립트|인터넷·IT·통신·모바일·게임>응용프로그래머> Python|인터넷·IT·통신·모바일·게임>응용프로그래머>Linux|인터넷·IT·통신·모바일·게임>빅데이터·AI(인공지능...
https://kr.indeed.com/viewjob?jk=55e2f1523d6bd078,[TOAST CAM] AI 개발,성남 판교역,,"학사 또는 석사 학위 또는 그에 준하는 실무 경험자 (신입 지원 가능) - 임베디드 환경 개발 경험자 - Python, C++ 개발 경험자 - 임베디드 환경 개발 경험자 - Deep Learning, Computer..."
https://kr.indeed.com/viewjob?jk=3c1c5dc51d08cf18,Web / Spring Framework 개발자,서울 금천구,,게임>웹프로그래머>JAVA|인터넷·IT·통신·모바일·게임>웹프로그래머> Python|인터넷·IT·통신·모바일·게임>웹프로그래머>ASP|인터넷·IT·통신... 통신·모바일·게임>응용프로그래머> Python|인터넷·IT·통신·모바일·게임...
https://kr.indeed.com/viewjob?jk=56523d2ce6f8d860,[NHN Cloud] 인프라 서비스 개발,성남 판교역,,우대사항 - NHN Cloud에서 제공하는 다양한 인프라 서비스 개발 - C/C++ 또는 Java/ Python 개발 경력 5년 이상 - Linux 환경 개발자 - Openstack 개발 경험 - Container...
https://kr.indeed.com/viewjob?jk=e99d30a8f6947b41,모니터링 솔루션 개발자 모집,성남 판교역,,개발/운영 2년 이상 서버 개발자 Java/Spring 기반 웹 서비스 개발 경력 2년 이상 서버 개발자 Python 기반 백엔드 시스템 또는 라이브러리 개발 프로젝트 실무 3년 이상 서버 개발자 ✔︎ 우대조건 다양한...
https://kr.indeed.com/viewjob?jk=c80b67aa02a7b226,인공지능연구소 우수인력 초빙 - 연구원 및 연구관리직 -,광주 북구,,"기술 컴퓨터사이언스, 머신러닝, 컴파일러, 자연언어 처리, 네트워킹, 지능형 센서 관련 지식 Python/Java/C++/Web/App/API 프로그래밍, 딥러닝, 자연어처리, TCP/IP 등에 대한 지식 필요기술..."
https://kr.indeed.com/viewjob?jk=2f56d4b70c1df086,하반기 인턴직 모집,서울 을지로2가,,"지니어 (IT 인프라 관리/운영) 서버, 네트워크 Bash, Java, Python ① 학력 : 초대졸 이상 (2020년 2월 이후 졸업/졸업예정... JavaScript, VC++, Python) 한솔 PNS IT 부문..."
https://kr.indeed.com/viewjob?jk=9d2eee513761aded,DB Engineer 모집,성남 판교역,,"분 원활한 커뮤니케이션이 가능하신 분 [우대사항] 대용량 DBMS 운영 경험이 있는 분 Golang, Python, Java등으로 API 기반 서비스 개발이 가능한 분 React, Vue.js 등 프론트개발 경험이 있으신..."
https://kr.indeed.com/viewjob?jk=3bceec7af2332b83,Engineer,서울,,"languages, including... limited to: Java, C++, C and Python Understand and explain the core technology and digital..."
https://kr.indeed.com/viewjob?jk=f8bfec7bfbdffd0a,애플리케이션 개발자&컨설턴트 정규직,서울 강남구,"연봉 25,000,000원 - 30,000,000원","Platform 컨설팅> JAVA/ Python/JScript 등의 개발... 경력(연차무관)학력사항: 대학(2,3년)졸업 이상직무기술: java, Python, javascript기타: > Basic SQL, HTML, CSS..."
https://kr.indeed.com/viewjob?jk=e557832a1976f187,NAVER Cloud 사내 플랫폼 운영,성남 삼평동,,"Network관련 기초 지식을 보유하고 계신 분 - script ( Python, Html, javascript, Linux shell 중 1개이상... WEB/WAS, DB운영 경험 - Python, JAVA 중 하나의 프로..."
https://kr.indeed.com/viewjob?jk=bdf0194f9b034b14,[리니지2] MMORPG 서버 프로그래머 모집,성남 판교역,,Windows Programming - Web Programming - Script languages ( Python 등) 제출서류 포트폴리오(필수) 전형단계 서류전형 1차 면접 NC TEST 2차 면접 처우협의 입사 도움말...
https://kr.indeed.com/viewjob?jk=eabf9d4b92aa1458,[웹젠] DBA(경력),성남 분당구,,있는 분 - DB 서버 모니터링 및 장애 대응 경험이 있는 분 - Python에 관심이 있고 경험이 있는 분 • 기타 - 수시채용은 공고 게시 중에도... 장애 대응 경험이 있는 분 - Python에 관심이 있고 경험이 있는 분...
https://kr.indeed.com/viewjob?jk=9720582e65044101,이공계 우수인력 희망기업,서울,,과정명 연수지역 연수기관 연락처 경기도경제과학진흥원 JAVA와 파이썬( Python)기반 빅데이터 분석 양성 서울 031-259-6067 동양미래대학교... 게임>빅데이터·AI(인공지능)> Python|인터넷·IT·통신·모바일·게임...
https://kr.indeed.com/viewjob?jk=0cfec85fdee88288,ML/데이터 기반 운영 서비스 개발을 위한 백엔드 엔지니어 모집,성남 판교역,,파이프라인과 연계한 서비스 설계 및 개발 지원자격 학력 : 없음 경력기간 : 5년 ~ 15년 필수조건 - Python/Java 등 기본적인 프로그래밍 역량 보유 - Spring Boot/Django 등 백엔드 서버 개발...
https://kr.indeed.com/viewjob?jk=bbbfbb33164df0e3,"Junior Software Engineer, Server Platform",서울,,"프라 위에 안정적이고 효율적인 서비스 설계 및 구축 핵심 자격요건 Python, Java, Kotlin, Go, C++ 등 서버 사이드 프로그래밍... Understanding of Python, Java, and Event..."
https://kr.indeed.com/viewjob?jk=9144817ca6d5abb5,[경기지역 우수중소기업 온라인 박람회],성남 분당구,,인터넷·IT·통신·모바일·게임>응용프로그래머>JAVA|인터넷·IT·통신·모바일·게임>응용프로그래머>C#|인터넷·IT·통신·모바일·게임>응용프로그래머>인공지능(AI)|인터넷·IT·통신·모바일·게임>응용프로그래머> Python
https://kr.indeed.com/viewjob?jk=1e708a23b9f87c19,JAVA 개발자 경력직/신입,서울 성동구,,"경력직 정규직 채용 모집부문 및 자격요건 담당업무 자격요건 인원 [담당업무]Back-end 개발자(java, python 등)- Restful API 서비스 설계/연동 개발(Spring)- web 서비스 백엔드 개발front..."
https://kr.indeed.com/viewjob?jk=d585814d097935eb,카카오톡 보이스톡/페이스톡/라이브톡 개발자 모집,성남 판교역,,"우대 사항 ✓ Spring/Java 혹은 Spring/Kotlin 기반 서버 개발 경험 ✓ MySQL, Python, JavaScript, Node.js 경험 ✓ 모바일/웹 환경을 위한 API 시스템 개발 경험 ✓ k8s..."
https://kr.indeed.com/viewjob?jk=0fbb2d0206f10f96,퀀트운용본부 운용역(경력직) (연장),대한민국,,"펀드 유형 무관) - 금융관련 자격증(CFA 등) 보유자 우대 - 영어능통자 우대 - Excel VBA, Python 등 프로그래밍 가능자 우대 4. 근무조건 : 연봉 등 근무조건은 협의 후 결정 5. 채용절차 - 1차..."
https://kr.indeed.com/viewjob?jk=55a19c92c845685e,Developer / Designer recruit,서울 논현동,,"language (i.e Python, Ruby, Java, .Net... High proficiency in Python... knowledge... least one Python web framework..."
https://kr.indeed.com/viewjob?jk=ad4759024e053193,[SAPEON Korea] Core 부문 개발자,성남 분당구,,인터넷·IT·통신·모바일·게임>웹프로그래머>ASP.NET|인터넷·IT·통신·모바일·게임>웹프로그래머> Python|인터넷·IT·통신·모바일·게임>웹프로그래머>프론트엔드|인터넷·IT·통신·모바일·게임>웹프로그래머>백엔드|인터넷...
https://kr.indeed.com/viewjob?jk=c719ac7a926d4858,Software Engineer - Robotics,서울,,STEM or similar degree You have in-depth knowledge of C / C++ and Python programming You value soft skills... passionate...
https://kr.indeed.com/viewjob?jk=07375dc4e800dfa9,추천 시스템 소프트웨어 엔지니어,성남 판교역,,"관련 업무 경험자 우대사항 운영체제, 네트워크, 컴파일러, 데이터베이스에 대한 이해가 깊으신 분 Python, C++, GPU 프로그래밍 숙련자 대용량/실시간 서비스 개발/운영 경험이 많으신 분 ICPC/TopCoder..."
https://kr.indeed.com/viewjob?jk=84329a66291839cd,각 부문별,서울 강남구,,통신·모바일·게임>응용프로그래머> Python|인터넷·IT·통신·모바일·게임... W 엔지니어|인터넷·IT·통신·모바일·게임>빅데이터·AI(인공지능)> Python|유통·물류·운송·운전>유통·상품기획·MD>상품MD|유통·물류·운송...
https://kr.indeed.com/viewjob?jk=25b0fa17d08dd0cd,"자바스크립트, Python 외 신입/경력 정규직, 계약직, 인턴",서울 강남구,,인터넷·IT·통신·모바일·게임>응용프로그래머>자바스크립트|인터넷·IT·통신·모바일·게임>응용프로그래머> Python|인터넷·IT·통신·모바일·게임>게임(Game)>서버·네트워크개발|인터넷·IT·통신·모바일·게임>게임(Game...
https://kr.indeed.com/viewjob?jk=23af8d8e2fdd7c67,상반기 각 부문 신입/경력 직원,서울,,통신·모바일·게임>웹프로그래머> Python|인터넷·IT·통신·모바일·게임... 인공지능)> Python|인터넷·IT·통신·모바일·게임>응용프로그래머>인공지능(AI)|인터넷·IT·통신·모바일·게임>응용프로그래머> Python|인터넷...
https://kr.indeed.com/viewjob?jk=19aef514479bcb87,Big Data Engineer,인천,,"좋습니다.필요역량 및 경험- Python, Scala, Java 등 1개... 응용프로그래머>JAVA|인터넷·IT·통신·모바일·게임>응용프로그래머> Python|인터넷·IT·통신·모바일·게임>네트워크·서버·보안>사물인터넷(IoT..."
https://kr.indeed.com/viewjob?jk=d158e683dc0b7500,파이썬 개발자 초중급 이상,서울 서초구,,전형 접수방법 채용시 접수방법: 인크루트 채용시스템 접수양식: 인크루트 이력서 기타 유의사항 입사지원서 및 제출서류에 허위사실이 있을 경우 채용이 취소될 수 있습니다. 인터넷·IT·통신·모바일·게임>응용프로그래머> Python
https://kr.indeed.com/viewjob?jk=e1f6164f1d03449a,주식회사 데이터스트림즈 기술연구소 Python/Java 개발자,성남 분당구,,데이터스트림즈 기술연구소 Python/Java 개발자 채용 모집부문 및 자격요건 담당업무 자격요건 우대사항 Python/Java 개발 직군 경력직... 통신·모바일·게임>웹프로그래머> Python|인터넷·IT·통신·모바일·게임...
https://kr.indeed.com/viewjob?jk=00b0f4d1f5f56d14,모바일 운영서비스 빌드/배포/테스트 자동화 개발자,서울 마포구,,"와 같은 컨테이너 기반 기술 이해 및 경험- 리눅스 환경에 대한 경험- 기본 스크립트 언어 경험 : Python / Bash / Perl 등- 지속적 통합 (Jenkins, Fastlane) 이해 및 경험- 소스형상관리..."
https://kr.indeed.com/viewjob?jk=72c3de496b865cfb,Solana Dapp Developer,서울,,"Active public github page... plus* • Node.js, Python or other backend language • Contributions to open-source..."
https://kr.indeed.com/viewjob?jk=20c4a5de16d47c5c,Sr. Corporate Application Engineer - Calibre DS,경기도 성남,,"Linux OS, and previous experience with scripting or Tcl/ Python/Perl programming preferred Familiar with Siemens EDA’s Calibre..."
https://kr.indeed.com/viewjob?jk=9f91ece4e66ef5a9,소프트웨어개발자(정규직) 신입/경력 정규직 병역특례전문요원가능업체,인천 연수구,,인공지능)> Python|인터넷·IT·통신·모바일·게임>빅데이터·AI(인공지능)>신경회로망연구원|인터넷·IT·통신·모바일·게임>전산·IT기술지원>S/W 엔지니어|인터넷·IT·통신·모바일·게임>응용프로그래머> Python|인터넷...
https://kr.indeed.com/viewjob?jk=754be9e3d78fa802,2021년 상반기 R&D 개발자 (병역특례 가능/경력 무관),인천 연수구,,"담당업무: - 블루투스 메시 기반 위치 추적 솔루션 개발 - 상기 솔루션의 임베디드 펌웨어 개발 - C(필수), Python, Javascript 프로그래밍 언어 사용 - 기술 지원 [자격요건] 경력사항: 무관 (신입도 지원..."
https://kr.indeed.com/viewjob?jk=276bd693a85d2d6d,Advanced Support Engineer / Database & Cloud,서울,,MySQL / TimesTen - Docker / Container - Kubernetes - Python Detailed Description and Job Requirements... member...
https://kr.indeed.com/viewjob?jk=1b3ad64e7a39c01a,IoT 기기 및 네트워크 취약점 점검 개발자,서울 성동구,,"우대사항 ㆍ제로데이 및 CVE등 취약점 분석 경험자 우대 ㆍ언어(C, Python등)에 대한 이해 및 활용 능력 ㆍ리버스엔지니어링(arm/mips... 분석 경험자 우대 ㆍ언어(C, Python등)에 대한 이해 및 활용 능력..."
https://kr.indeed.com/viewjob?jk=df21e3bb5d773616,Python Programmer,서울 서초구,,개발 – JAVA 프로그래밍(라이브러리 활용) – Spring 프레임 워크 개발 – Python API 프로그래밍 우대사항 – Python 개발 경험 – Open Source 라이브러리 개발경험 – Web 표준에 대한 경험...
https://kr.indeed.com/viewjob?jk=91bddba7f7620d51,"[대형증권사] LP/MM 시스템 개발 및 운영,유지보수",서울 강남구,,레이딩 시스템에 대한 이해 및 열정 보유 <우대사항>C++/JAVA/ Python 프로그래밍 가능 0 명 근무조건 고용형태: 정규직급여조건: 연봉 협의... 통신·모바일·게임>웹프로그래머> Python|인터넷·IT·통신·모바일·게임...
https://kr.indeed.com/viewjob?jk=71c47ac87bb4087e,기술 인턴 인공지능 응용 연구/개발 인턴,서울 관악구,,"6개월) (협의) *모집 절차: 서류 à인터뷰(오프라인) *지원 자격: 프로그래밍 언어 활용 능력: Python, C, C++ 중 1가지 이상 데이터구조, 알고리즘 과목 이수 머신러닝과 딥러닝의 기본 개념 이해 머신러닝..."
https://kr.indeed.com/viewjob?jk=2642a83874ea6bab,"영상처리, 컴퓨터 비전 전문가 (신입/경력)",성남 수정구,"연봉 30,000,000원 - 35,000,000원","인원 [담당업무] Python, C++, MFC, C를 이용하여 - OpenCV 로 Visual SLAM 개발- MFC, Python을 이용하여 GUI... 통신·모바일·게임>응용프로그래머> Python|인터넷·IT·통신·모바일·게임..."
https://kr.indeed.com/viewjob?jk=053378a070533ffc,DBA,서울 강남구,,"경험이 있으신 분 MySQL 모니터링 및 트러블 슈팅 경험이 있으신 분 스크립트 언어 사용이 가능하신 분 ( Python, Shell 등) [우대요건] Kubernetes 환경 경험이 있으신 분 부하테스트를 즐겨하시는 분 긍정..."
https://kr.indeed.com/viewjob?jk=1fd963b87d62d30a,한화시스템/방산 2021년 한화시스템 방산부문 신사업분야 경력사원,성남 분당구,,시스템개발자|인터넷·IT·통신·모바일·게임>빅데이터·AI(인공지능)> Python|전자·기계·기술·화학·연구개발>연구원·연구개발>전기·전자|전자·기계... 그래머>C·C++|인터넷·IT·통신·모바일·게임>응용프로그래머> Python
https://kr.indeed.com/viewjob?jk=8e715115bcdfcd01,Data Scientist (AI and Autonomy),서울,,"testing, classification, or clustering Experience with Python programming language and writing SQL queries Experience..."
https://kr.indeed.com/viewjob?jk=8164d5e7100c5968,AI Frameworks Engineer Intern,서울,,Basic knowledge of deep learning technologies Programming with Python or Shell script Education Students who are currently...
https://kr.indeed.com/viewjob?jk=2b9e604e63e7e46d,[카카오커머스] 기술직군,성남 분당구,,"우대사항 - 전자금융 감독규정, PCIDSS에 대한 실무 경험이나 이해도가 높으신 분 - JAVA, Python, shell script 등 개발 역량을 갖추신 분 - 웹/앱 취약점 진단 및 모의해킹 역량을 갖추신..."
https://kr.indeed.com/viewjob?jk=69d3cc2cca262747,Machine Learning Engineer Intern - Korea,서울,,"Strong algorithms and data structure skills. Fluent... least one programming language including Python, Java, and Golang."
https://kr.indeed.com/viewjob?jk=e7c8c2b11f24fb43,Software Engineer,서울,,"languages, including... limited to: C++, Java, C and Python. Excellent written and verbal communication skills. About..."
https://kr.indeed.com/viewjob?jk=882e071610c0a8cd,ICT 경력사원,성남 분당구,,"서비스 개발 경험 - 데이터 분석 서비스 개발 관련 툴 활용 경험( Python, R, Java 등) 주요업무 스마트 팩토리 및 스마트 제품/서비스... Database, .NET, Java, Python 등 시스템(SW..."
https://kr.indeed.com/viewjob?jk=fcde9bb33408bea7,2022년 1월 CTO R&D 경력사원 (시뮬레이션/Pack/BMS),과천 과천시,,"필요사항 - 개발, 양산, 필드 빅데이터 처리/분석 경험5년 이상 - Python 숙련자 (Pandas, Tensorflow, Keras 등 머신러닝... 석사 학위 이상 우대사항 - Python 활용 Data 처리 경험 보유..."
https://kr.indeed.com/viewjob?jk=be4f863984f41293,HANA Development Support Engineer,서울,,"analyzing complex problems Optional skills Knowledge of Python/shell-Scripting, C/C++ Using C++-Debuggers (like GDB..."
https://kr.indeed.com/viewjob?jk=f317eb960a3ce005,Product Engineer - MPC/MDP/MDM,경기도 성남,,"experience... following: EDA with emphasis on semi OPC; C/C++, Python, TCL, MATLAB or any high-level programming language..."
https://kr.indeed.com/viewjob?jk=7d205770c41f1c8b,현대백화점 데이터기획팀 데이터 분석/기획 경력,서울 삼성역,,"Tableau등 OLAP툴 활용 대시보드 구성 및 분석 결과 리포팅 수행 경험 - 중급 이상의 R, Python, SQL 역량 및 데이터 핸들링(추출/전처리(EDA)/요약 등) 역량 보유 - 클라우드(또는 온프..."
https://kr.indeed.com/viewjob?jk=5c9f84f18b1b4944,2022 데이터 사이언티스트 부문,서울 강남구,,인터넷·IT·통신·모바일·게임>ERP·시스템분석·설계>딥러닝|인터넷·IT·통신·모바일·게임>빅데이터·AI(인공지능)>머신러닝|인터넷·IT·통신·모바일·게임>빅데이터·AI(인공지능)> Python
https://kr.indeed.com/viewjob?jk=87309d3ff40ead61,딥러닝 AI 개발 연구원,성남 수정구,,시스템프로그래머>임베디드(Embedded)|인터넷·IT·통신·모바일·게임>응용프로그래머>C·C++|인터넷·IT·통신·모바일·게임>응용프로그래머>Linux|인터넷·IT·통신·모바일·게임>빅데이터·AI(인공지능)> Python
https://kr.indeed.com/viewjob?jk=de354a752cd7f42e,"빅데이터, 인공지능(AI) 외 신입/경력 정규직",서울 강남구,,모바일·게임>빅데이터·AI(인공지능)>데이터라벨링|인터넷·IT·통신·모바일·게임>빅데이터·AI(인공지능)> Python|인터넷·IT·통신·모바일·게임>빅데이터·AI(인공지능)>딥러닝|인터넷·IT·통신·모바일·게임>데이터베이스...
https://kr.indeed.com/viewjob?jk=9f6ca44bd1c54a7b,2022년 2월 경력사원 (품질),청주 오창읍,,"경력 - 프로그래밍 언어(R, Python, Visual Basic 등... 년 이상 - Embedded SW 개발 (C, C++) 실무 경력 - Python 활용 Big Data 분석 및 수치 해석 경험 우대사항 - BMS..."
https://kr.indeed.com/viewjob?jk=5ea9ea023c6ccc03,"S/W 엔지니어, 데이터분석 신입/경력 정규직, 인턴",성남 분당구,,"케이션 제작 및 유지보수 업무- Python, Golang, QT 중 선택... 2. 시스템프로그래머- Python, Golang, QT 중 선택 가능3. 영상데이터 분석 및 모델링- python기반 영상데이터 분석 및 모델링..."
https://kr.indeed.com/viewjob?jk=1750764e7fad99ec,[키움투자자산운용] 자산배분전략팀 팀원 (사원~대리급),서울 영등포구,,및 우대사항 금융·보험·증권>투자·분석·증권·외환>자산관리|인터넷·IT·통신·모바일·게임>응용프로그래머> Python|인터넷·IT·통신·모바일·게임>소프트웨어·하드웨어>소프트웨어|마케팅·광고·홍보·조사>조사·분석·통계>설문...
https://kr.indeed.com/viewjob?jk=b8ad49577d39559c,웹개발자,경기도 하남,"월급 3,000,000원","jsp, css, html 유경험자-JAVA,SPRING BOOT, AI 인공지능, REST API, PYTHON 경험-AI 이미지 인식 관련 기본 지식 (CNN등) [근무시간 및 형태] 주 5일 근무 (오전) 8시 30분..."
https://kr.indeed.com/viewjob?jk=78e99625e5de3c95,전문연구요원 (병역특례) 수시 (AI / HW 분야),성남 분당구,"연봉 40,000,000원 - 100,000,000원","모델의 RTL IP 설계 및 IP 검증 가능자 - Language: Python/Perl, C/C++ [우대 조건] - ARM based SoC 설계... Linux, shell, tcl, python, perl 사용 원활..."
https://kr.indeed.com/viewjob?jk=9205c6ddd797cac4,Planning and Scheduling Optimization Development Engineer,성남 분당구,,teams.New PhDs are encouraged to apply. 인터넷·IT·통신·모바일·게임>웹프로그래머> Python|생산·정비·기능·노무>생산관리>공장장|인터넷·IT·통신·모바일·게임>소프트웨어·하드웨어>소프트웨어
https://kr.indeed.com/viewjob?jk=35f0a25dee5f3312,딥러닝 알고리즘 및 응용 Engineer,성남 분당구,"연봉 40,000,000원 - 100,000,000원",모바일·게임>빅데이터·AI(인공지능)>인공지능(AI)|인터넷·IT·통신·모바일·게임>빅데이터·AI(인공지능)> Python|인터넷·IT·통신·모바일·게임>빅데이터·AI(인공지능)>머신러닝|인터넷·IT·통신·모바일·게임>빅데이터...
https://kr.indeed.com/viewjob?jk=20c4a5de16d47c5c,Sr. Corporate Application Engineer - Calibre DS,경기도 성남,,"Linux OS, and previous experience with scripting or Tcl/ Python/Perl programming preferred Familiar with Siemens EDA’s Calibre..."
https://kr.indeed.com/viewjob?jk=2cd08e43d8b37f87,[대기업] 클라우드 서비스 솔루션 개발,서울,,C++|인터넷·IT·통신·모바일·게임>응용프로그래머>클라우드|인터넷·IT·통신·모바일·게임>응용프로그래머> Python|인터넷·IT·통신·모바일·게임>데이터베이스·DBA>데이터베이스개발자|인터넷·IT·통신·모바일·게임>데이터베...
https://kr.indeed.com/viewjob?jk=c534ea87b63883bd,"국제 경제 애널리스트 (Analyst - Data Scientist, 병특 포함)",서울 마포구,,"신소재/재료공학, 화공학 전공자프로그래밍 언어, 통계, 분석 프로그램 활용 가능자데이터 이해/가공 위해 Python 등 다양한 S/W 활용 가능자 0 명 근무조건 고용형태: 정규직(수습기간3개월)근무부서: 물가분석팀, 통계분..."
https://kr.indeed.com/viewjob?jk=3617e30a1af44426,[NHN SOFT] Back-End 경력 개발자,성남 분당구,,통신·모바일·게임>웹프로그래머> Python|인터넷·IT·통신·모바일·게임... 로그래머>증강현실(AR)|인터넷·IT·통신·모바일·게임>응용프로그래머> Python|인터넷·IT·통신·모바일·게임>응용프로그래머>머신러닝(ML)|인터넷...
https://kr.indeed.com/viewjob?jk=6d86e9f32d31c84f,Data 분야 경력,서울,,"해가 뛰어난 자 - R, Python, SAS, SQL 등 활용 역량 우대사항(해당 내용 중 1개 이상) - ML/DL 경험 인력 우대 - 관련 분야 석사 이상 학위 소지자 우대 - R, Python등 데이터분석 모델링 경험..."
https://kr.indeed.com/viewjob?jk=36285cd45a0f0c57,(주)아이옵스 SAR 위성영상 활용 신입/경력,대전 유성구,,"SAR 영상처리 관련 과제 수행 경험자 ㆍ관련 프로그램 (Marlab, Python, C/C++등) 사용 가능자 0 명 근무조건 고용형태: 정규직급여... AI)|인터넷·IT·통신·모바일·게임>빅데이터·AI(인공지능)> Python"
https://kr.indeed.com/viewjob?jk=b955c9f452035bd8,[KSTEC] 통계/Analytics 신입 및 경력사원,성남 분당구,,"지능화 (의사결정 자동화) 시스템 개발 (SPSS, SAS, R, Python, Java 기반)2. 기업용 데이터과학 & 인공지능 플랫폼 솔루션3... 게임>빅데이터·AI(인공지능)> Python|인터넷·IT·통신·모바일·게임..."
https://kr.indeed.com/viewjob?jk=c7cf3ae03de76f24,[체험형 인턴] 데이터 분석,서울,,"통계, 컴퓨터공학 등 관련 전공 석사 이상 재학중인 분 - 데이터 분석 관련 인턴 업무를 경험해보신 분 - Python/R 등을 이용한 데이터 분석 업무가 가능하신 분 - 데이터를 통해 비즈니스/일상의 문제를 분석하고 실제로..."
https://kr.indeed.com/viewjob?jk=cadddc1d517bc19b,Renewable Energy Analyst,서울,,"other solar energy modeling tools; Experience utilizing Python, R or Matlab (or similar) for statistical analysis and data..."
https://kr.indeed.com/viewjob?jk=375d31c1f3157770,Machine Learning Engineer,서울,,"statistics and algorithms • Ability to write robust code in Python, Java and R • Familiarity with machine learning..."
https://kr.indeed.com/viewjob?jk=485252a8f28fa0f8,데이터 사이언티스트 전문가,서울특별시,,"개발 경험 . 자연어처리/시계열 분석/머신러닝/데이터 마이닝 알고리즘 이론 및 실무 적용에 대한 깊은 이해 . Python Data & Analytics 라이브러리 경험 (NLTK, Spacy, Scikit-Learn..."
https://kr.indeed.com/viewjob?jk=e36b281df2933890,[위메프서비스] E-Commerce 데이터엔지니어/NLP개발자,대한민국,,"우리가 사용하는 기술] 개발언어: Python, Java 하둡인프라... 시스템 Hadoop 및 Spark 경험이 있으신 분 Java, Python 개발 능력을 보유하신 분(중급 이상) Hadoop Ecosystem..."
https://kr.indeed.com/viewjob?jk=c793a3ef3425f495,빅데이터 분석 기술인력 (정규직),서울 강남구,,"담당업무]데이터 분석 분야 ( Python, R, SAS 기반의 DATA... BIG DATA 프로젝트 경험자, PL/PM 경력자 우대, R 또는 Python 활용가능한 경력자전공계열: 전산학, 컴퓨터공학, 수학, 응용소프트웨어..."
https://kr.indeed.com/viewjob?jk=05b54a7b23b66511,2022년 2월 경력사원 (제조지능화),청주 오창읍,,"경험 - 빅데이터/AI 경험(R, Python,SAS 등 분석 Tool 활용... 구축 및 거버넌스 수립 - 분석솔루션(Spotfire, SAS, R, Python) 전파 필수사항 - 관련 업무 경력 8년 이상 - 분석 시스템 구축..."
https://kr.indeed.com/viewjob?jk=a2b38b230474e622,카카오 전사 QA 모집,성남 판교역,,"협업도구 (JIRA, Github 등)에 대한 경험이 있으신 분 테스트자동화 설계경험자 혹은 스크립트 언어( python, java, javascript 등) 가능자 긍정적인 마인드와 유연한 커뮤니케이션 능력 보유 능동적이고..."
https://kr.indeed.com/viewjob?jk=e8004f38042e7d44,NAVER Cloud 사내 플랫폼 운영,성남 삼평동,,"Network관련 기초 지식을 보유하고 계신 분 - script ( Python, Html, javascript, Linux shell 중 1개이상... WEB/WAS, DB운영 경험 - Python, JAVA 중 하나의 프로그..."
https://kr.indeed.com/viewjob?jk=918468d6e12a17e8,[NHN Cloud] 네트워크 엔지니어링,성남 판교역,,"관리 도구 개발/운영 - 관련학과 졸업 후, 경력 3년 이상 - 리눅스 환경 개발 경력 2년 이상 - Python, Django, Javascript 관련 개발 경험 - CCNA 또는 JNCIA 이상의 자격증 보유..."
https://kr.indeed.com/viewjob?jk=e63d80feb70ad6c4,[환경가전 대기업] 인프라보안팀 인프라운영 (과장~차장),서울 구로구,,"경험 보유 [우대사항] - 스스로 툴 작성이 가능하신분 ( Python, Go, Perl, Bash 등 활용) - 다양한 형태의 CICD 파이프라인... 스스로 툴 작성이 가능하신분 ( Python, Go, Perl, Bash 등..."
https://kr.indeed.com/viewjob?jk=555c31d136dccadb,응용소프트웨어 설계 및 개발(Python),포항 남구,"월급 2,500,000원",직무내용] 자동화 시스템 설계 및 개발 [근무시간 및 형태] 주 5일 근무 09:00~18:00 주소정근로시간 : 40시간 [급여조건] - 월급 2500000원 이상 - 상여금 : 400% (미 포함) - 면접 후 결정 가능...
https://kr.indeed.com/viewjob?jk=6141229c69b83068,Web Front-end 개발자,서울 서초구,,"Java Script, MariaDB 개발 플랫폼 : Visual Studio Code 우대 사항 : Python, Golang, RESTful API, Node.js, CSS, Docker, AWS, Azure, GCP..."
https://kr.indeed.com/viewjob?jk=b766b1060113c310,[어니컴(주)] 데이터 분석가 신입/경력,서울 용산구,,이상- 프로그래밍 언어: R 혹은 Python 활용 가능- 통계 또는 기계... 데이터분석|인터넷·IT·통신·모바일·게임>빅데이터·AI(인공지능)> Python|인터넷·IT·통신·모바일·게임>빅데이터·AI(인공지능)>R|인터넷...
https://kr.indeed.com/viewjob?jk=6ad55e06021ddccb,MongoDB Engineer 모집,성남 판교역,,"수정 및 적용하여 운영해본 경험이 있는 분 C/C++ 또는 Python 언어를 이용한 프로그램 개발(프로젝트) 경험이 있는 분 Golang, Python, Java등으로 API 기반 서비스 개발이 가능한 분 Openstack..."
https://kr.indeed.com/viewjob?jk=dd6b989057777812,"빅데이터, 인공지능(AI) 외 경력 정규직",서울 서초구,,모바일·게임>빅데이터·AI(인공지능)>인공지능(AI)|인터넷·IT·통신·모바일·게임>빅데이터·AI(인공지능)> Python|인터넷·IT·통신·모바일·게임>빅데이터·AI(인공지능)>머신러닝|인터넷·IT·통신·모바일·게임>빅데이터...
https://kr.indeed.com/viewjob?jk=e18e709e63c081ed,"전액 국비지원 IT취업연계 교육 JAVA웹&앱, 빅데이터, 인공지능",서울 마포구,,중앙정보처리학원 인터넷·IT·통신·모바일·게임>웹프로그래머>JAVA|인터넷·IT·통신·모바일·게임>웹프로그래머> Python|인터넷·IT·통신·모바일·게임>빅데이터·AI(인공지능)>빅데이터|인터넷·IT·통신·모바일·게임>빅데이터...
https://kr.indeed.com/viewjob?jk=a1d1d5bf76c45576,2022년 2월 경력사원 (설비기술),청주 오창읍,,"개선을 위한 알고리즘 개발 필수사항 - 관련 업무 경력 10년 이상 - Data 분석 및 SW 설계 경력 ( Python, R, Spotfire, C++ 등) - 실시간 데어터 분석/처리/시각화 역량 우대사항 - 빅데이터 분석..."
https://kr.indeed.com/viewjob?jk=df86d9b3c5f1ead7,5G R&D 소프트웨어 개발자,서울,,"Erlang, Java, Python Domain experience... 프로그래밍 언어: C, C++ (필수) / Erlang, Java, Python(우대) 기술 분야: 라디오 엑세스 네트워크, 5G NR, LTE..."
https://kr.indeed.com/viewjob?jk=c04680232735292a,가상자산 트레이딩 / 시스템 개발자,서울 강남구,,및 제출서류에 허위사실이 있을 경우 채용이 취소될 수 있습니다. 금융·보험·증권>투자·분석·증권·외환>자산관리|인터넷·IT·통신·모바일·게임>응용프로그래머> Python|인터넷·IT·통신·모바일·게임>응용프로그래머>C·C++
https://kr.indeed.com/viewjob?jk=14a84e493f6caa2b,Business Data Analyst (경력),서울 강남구,,데이터베이스·DBA>SQL|인터넷·IT·통신·모바일·게임>응용프로그래머> Python|인터넷·IT·통신·모바일·게임>빅데이터·AI(인공지능)> Python|인터넷·IT·통신·모바일·게임>빅데이터·AI(인공지능)>데이터분석|인터넷...
https://kr.indeed.com/viewjob?jk=a50fce6cc2cb57c9,자연어처리전문가 금융챗봇 만들어 갈 엔지니어,서울 충정로역,,리에 필요한 알고리즘을 개발하고 Python으로 구현 및 성능 검증을 진행... Description - 자연어 처리에 필요한 알고리즘을 개발하고 Python으로 구현 및 성능 검증을 진행 - 자연어 전처리 (형태소 분석...
https://kr.indeed.com/viewjob?jk=51df90967b46e8f0,[외국계 스타트업 미소] Business Analyst,서울,,통신·모바일·게임>빅데이터·AI(인공지능)>데이터분석|인터넷·IT·통신·모바일·게임>빅데이터·AI(인공지능)> Python|인터넷·IT·통신·모바일·게임>데이터베이스·DBA>MySQL|인터넷·IT·통신·모바일·게임>데이터베이스...
https://kr.indeed.com/viewjob?jk=4adac8923476d038,프랭클린템플턴투신운용 Junior Trader (Quant base 필수),대한민국,,"object-oriented programming and intermediate programming proficiency in Python, R or MATLAB, and SQL are essential. Licenses..."
https://kr.indeed.com/viewjob?jk=75c348600e4ba140,국내 대기업 - 고객 데이터분석 포지션,서울,,"도출 경험자 - 데이터 분석 지식 및 분석 Tool((SQL, R, Python 등) 사용가능자 - 고객 Segmentation 및 타겟마케팅 실행... 게임>빅데이터·AI(인공지능)> Python|인터넷·IT·통신·모바일·게임..."
https://kr.indeed.com/viewjob?jk=754be9e3d78fa802,2021년 상반기 R&D 개발자 (병역특례 가능/경력 무관),인천 연수구,,"담당업무: - 블루투스 메시 기반 위치 추적 솔루션 개발 - 상기 솔루션의 임베디드 펌웨어 개발 - C(필수), Python, Javascript 프로그래밍 언어 사용 - 기술 지원 [자격요건] 경력사항: 무관 (신입도 지원..."
https://kr.indeed.com/viewjob?jk=5dd25746d945e947,빅데이터분석 담당자 in 자원순환 모바일 앱 스타트업,서울 성동구,,AI(인공지능)>빅데이터|인터넷·IT·통신·모바일·게임>빅데이터·AI(인공지능)>데이터분석|인터넷·IT·통신·모바일·게임>빅데이터·AI(인공지능)> Python|인터넷·IT·통신·모바일·게임>빅데이터·AI(인공지능)>자연어처리
https://kr.indeed.com/viewjob?jk=e0e37aaebc73dde3,대용량 데이터 엔지니어링,경기도 성남,,"하둡 에코 시스템 구축 경험이 있으신 분 - Spark를 활용한 데이터 처리 경험이 있으신 분 - Python, Scala 언어 활용 능력이 가능하신 분 - Linux 환경 업무 경험이 있으신 분 [우대사항..."
https://kr.indeed.com/viewjob?jk=609e56cc13d5a4ff,클라우드 보안 서비스 담당자 [경력],서울 강남구,,포함한 TCP / IP 프로토콜 스택 및 OSI 모델의 실제 응용 프로그램에 대한 깊은 지식- Linux 기술- Python / Shell 프로그래밍을 활용한 작업 자동화 및 도구 개발 가능자 우대사항 영어 / 중국어 가능자...
https://kr.indeed.com/viewjob?jk=1874aaee481880be,클라우드 오퍼레이션 엔지니어,성남 판교역,,"Linux, Windows Server 트러블 슈팅 숙련자 - 2년 이상의 개발 경험자(PHP, Python 등) - 아래 기술 분야중 1개 이상의 풍부한 지식 및 운영 경험 보유자 (ElasticSearch..."
https://kr.indeed.com/viewjob?jk=112566541738ad42,Software Developer,대한민국,,"Experience task automation in scripting languages like shell, Python, JavaScript, TypeScript Boat load of passion & energy..."
https://kr.indeed.com/viewjob?jk=d8a8869ab092f731,데이터 엔지니어 및 사이언티스트,성남 판교역,,"등 데이터 엔지니어와 사이언티스트의 업무를 경계 없이 수행하게 됩니다. 지원자격 개발 경력 3년 이상 Python, Scala, Java, C++ 중 하나 이상의 언어에 능통 SQL 또는 HiveQL에 능통 대용량 데이..."
https://kr.indeed.com/viewjob?jk=af6bc3d6f93360d4,전사 생산기술 경력사원,경기도 평택,,"이언스 및 프로그래밍 언어(R, Python 등) 사용 가능자 - 머신러닝... Programming 사용 가능자(C/C++, Labview, R, Python 등) 1) AI : AI 관련 전공자 or 검사공정 AI경력 보유자..."
https://kr.indeed.com/viewjob?jk=872035f47cfd4850,자산운용팀 전략/리스크팀 퀀트(겨울방학 인턴),대한민국,,공자의 경우 관련 과목 12학점 이상 이수 - Microsoft 엑셀 능숙자 선택 사항 (평가 가산점) - Python 또는 VBA 등 코딩 Skill 보유 - 관련 업종에서 2개월 이상 인턴쉽 또는 근무 경력 보유 - 관련...
https://kr.indeed.com/viewjob?jk=95929d1cd7077dfd,네이버 클라우드 플랫폼 기술지원,성남 삼평동,,"클라우드 서비스 운영 경험 (AWS, Azure, KT Cloud 등) - Shell Script, Python 활용 가능 - 국가보훈대상자 및 장애인은 법령에 의거 우대 (※입사지원 시 보훈/장애사항 체크 필수..."
https://kr.indeed.com/viewjob?jk=325769472a65579b,[웹젠] TA(Unreal Engine 4)(경력),성남 분당구,,"티스트를 위한 툴 제작 및 각종 기술 문서 작성 (Blueprint, python, maxscript) - 아트 컨텐츠 관련 이슈 해결 및 기술 지원... 문서 작성 (Blueprint, python, maxscript) - 아트..."
https://kr.indeed.com/viewjob?jk=eb8f9fccedb6abec,VOD 소비패턴 분석 및 서비스개선,경기도 성남,,"궁금하신 분 - B2C 서비스 데이터 분석 및 핸들링 경험이 있으신 분 - SQL, Excel R, Python, Tableau 등을 이용하여 데이터 추출/분석/시각화 가능하신 분 - 데이터 분석을 기반한 마케팅 경험이 있으신 분"
https://kr.indeed.com/viewjob?jk=4d08d3e1f1815e21,현대백화점 H.Point팀 데이터 분석/기획 경력,서울 삼성역,,"적용 모델링 - OLAP툴, R, Python, SQL 등 활용 분석 수행 및 리포팅 - 학사 이상 학위 취득자 - OLAP툴 사용 경험(3년 이상) - R, Python, SQL 등 심화 분석툴 경험(2년..."
https://kr.indeed.com/viewjob?jk=65d27252d5d4fa22,[NHN SOFT] Front-End 경력 개발자,성남 분당구,,통신·모바일·게임>웹프로그래머> Python|인터넷·IT·통신·모바일·게임... 로그래머>증강현실(AR)|인터넷·IT·통신·모바일·게임>응용프로그래머> Python|인터넷·IT·통신·모바일·게임>응용프로그래머>머신러닝(ML)|인터넷...
https://kr.indeed.com/viewjob?jk=c5a2d1029018e4ba,Expat: Experimental Physicist Tuning and Monitoring,경기도 화성,,Experience in using office programs and Unix (Linux) Python and Jira experience is preferred. Deliberate and organized work...
https://kr.indeed.com/viewjob?jk=7c1c386cd39fecbb,Data Engineer,서울,,"격을 디자인 합니다. 이런 분을 찾습니다! • 2년 이상의 데이터 엔지니어 업무 경험이 있는 분 • Python 혹은 Scala를 능숙하게 사용하시는 분 • Batch Processing, Stream Processing..."
https://kr.indeed.com/viewjob?jk=2e471d0cf19be66c,Coupang Business Analyst (Non Tech),서울,,"단력으로 멀티태스킹이 가능하신 분 *우대 조건 이커머스또는 인터넷 서비스 업계 근무 경력을 보유하신 분 Python, R 등기타 Programming language 사용 경력을 보유하신 분 한국어, 영어모두 능숙한 커뮤..."
https://kr.indeed.com/viewjob?jk=45f9ebb4e35491a7,[보안] 보안 데이터 분석,성남 판교역,,개발 및 운영 - 서비스 로그인 어뷰징 모니터링 - Java(Spring) 개발 경력 3년 이상 - Python 개발 경험 - MySQL기반 개발 경험 - 로그 분석 플랫폼(ELK / Hadoop) 및 데이터 분석...
https://kr.indeed.com/viewjob?jk=9ab9e1640fdc64d5,ML Engineer_Eng,서울,,"Qualifications • Experience with development using Python, Kotlin, Node.js, etc. • Experience with using RDBMS, NoSQL..."
https://kr.indeed.com/viewjob?jk=dfa8a9a7dd5bd7d6,음성인식 서비스 개발자,서울 성동구,"연봉 30,000,000원 - 40,000,000원","Go 등의 백엔드 서비스 개발# 자격요건(필수사항)- 해당 분야 개발 경험 또는 그에 준하는 역량 보유자- Python 개발 역량 보유자- AI 관련 기술(머신러닝 및 딥러닝) 학습 이수자- Git(gitlab, github..."
https://kr.indeed.com/viewjob?jk=79fb95da6dff4025,하반기 신입(채용 연계형 인턴) 수시채용,서울 마곡동,,"Python, R, 기타 코딩 능력 보유자 또는 통계 분석에 대한 기초 지식 보유자 중 1개 해당자 우대사항 · 통계 분석에 대한 기초 지식 보유자 · 기초 프로그래밍 코딩 구현 능력 보유자 ( Python or R..."
https://kr.indeed.com/viewjob?jk=be4f863984f41293,HANA Development Support Engineer,서울,,"analyzing complex problems Optional skills Knowledge of Python/shell-Scripting, C/C++ Using C++-Debuggers (like GDB..."
https://kr.indeed.com/viewjob?jk=e85487d0d81b009b,시스템보안 담당자 채용,서울 중학동,,"경험 보유 우대사항 - AWS, Azure 등 클라우드 환경의 보안서비스 운영 경험자 - Java, Python 등 프로그래밍 언어 능숙자 근무조건 [근무조건] - 근무형태 : 정규직 - 모집인원 : 명 - 근무지..."
https://kr.indeed.com/viewjob?jk=269f9a96319ef19a,머신러닝 엔지니어 모집,성남 판교역,,"모델의 성능 검증 및 지속 개선 대규모 로그 데이터 통계 분석을 통한 피쳐 추출 • 지원자격 #필수사항 Python, Java, C++ 등 언어 중 하나 이상 활용 가능하신 분 TensorFlow/Keras, PyTorch..."
https://kr.indeed.com/viewjob?jk=e658236007117d98,Junior Business Analyst (Non-tech),서울,,"의와 체계적 사고체계를 갖추신 분 [우대 조건] 이커머스, 리테일, 물류 관련 도메인 경험을 보유하신 분 Python, R 등 기타 프로그램 언어 사용 경험을 보유하신 분 한국어 및 영어 모두 능숙한 커뮤니케이션이 가능하..."
https://kr.indeed.com/viewjob?jk=ae185a03d7b8f71e,"사물인터넷(IoT) 개발, 메카트로닉스 외 신입/경력 정규직",수원 영통구,,"연구 빅데이터분석 및 AI개발 Python , WebRTC 프로그램개발... AI개발, Python / WebRTC프로그램개발 [우대사항] 전공계열: 공학계열 자격증: Python, Python 교육이수자, 빅데이터, 스마트공..."
https://kr.indeed.com/viewjob?jk=ec5c7ccd76639120,[외국계 스타트업 미소] Data Analyst,서울,,통신·모바일·게임>빅데이터·AI(인공지능)>데이터분석|인터넷·IT·통신·모바일·게임>빅데이터·AI(인공지능)> Python|인터넷·IT·통신·모바일·게임>데이터베이스·DBA>MySQL|인터넷·IT·통신·모바일·게임>데이터베이스...
https://kr.indeed.com/viewjob?jk=ced15ce8e8c9c0b8,[진행중] 우리은행 AI사업부 전문직(인공지능[AI]모델링) 채용공고,서울 회현동,,"포함 디지털 서비스 기획 경험자 - 인공지능 알고리즘 설계/검증 및 성능 개선 업무 경력 보유 - Python, R 등 프로그래밍 활용 역량 보유 - 은행, 카드, 보험 등 금융 분야 프로젝트 경험자 우대사항..."
https://kr.indeed.com/viewjob?jk=25d823b03a3113d5,Sr. Application Engineer - AMS,경기도 성남,,"plus Proficiency in Linux shell scripting, Tcl, and Python programming is a plus Proven ability to map simulator capabilities..."
https://kr.indeed.com/viewjob?jk=941687b6bbb14d81,웹 개발자 경력 Java/Php/Javascript/Python/Html/CSS 등 프로젝트 경력자,대전 서구,"연봉 30,000,000원 - 35,000,000원","(주)바이오브레인 웹 개발자 경력 채용 모집부문 및 자격요건 담당업무 자격요건 인원 [담당업무] ㆍ웹 기반 프로젝트 개발 및 운영 [근무부서 및 직급/직책] 직급/직책: 대리 [자격요건] ㆍJava, Php..."
https://kr.indeed.com/viewjob?jk=78526735d90a85b9,"Machine Learning - iOS Software Engineer,",서울,,"computer vision Python libraries... programming skills with proficiency in Python, Flask, iOS Dev tools, and GitHub..."
https://kr.indeed.com/viewjob?jk=32ef5c901797d796,"레이더, 항행용 무선기기 및 측량기구 제조업 / 백앤드 개발 (과장/차장급)",성남 분당구,,인터넷·IT·통신·모바일·게임>웹프로그래머> Python|인터넷·IT·통신·모바일·게임>응용프로그래머>JAVA
https://kr.indeed.com/viewjob?jk=733b814969bff5a7,Jr. Back-end Engineer (Python),서울 강남구,,"이런 분을 찾아요 2년 이상의 Python을 활용한 백엔드 개발 업무를 수행한 경험이 있으신 분 Django, Django Rest Framework, Flask 등의 Python web framework를 사용하여..."
https://kr.indeed.com/viewjob?jk=155996bae21250a5,"[Robotics] Robotics Software Engineer, Sensor System",서울,,"기술 분야의 학사 이상 학위 ㅇ 로봇 센서 시스템 디자인 혹은 센서 처리 모듈 개발 및 최적화 경험 ㅇ Python/C++ 활용 능숙 ㅇ ROS/ROS2를 활용한 개발 경험 ㅇ Ultrasonic, 2D/3D camera..."
https://kr.indeed.com/viewjob?jk=65d17e4704beb445,네트워크 보안 담당자 채용,서울 중학동,,"정보보안기사 등 관련 자격증을 보유하신 분 - 포렌식 업무 경험 또는 관련 자격증을 보유하신 분 - Java, Python 등 프로그래밍 언어가 능숙하신 분 근무조건 [근무조건] - 근무형태 : 정규직 - 모집인원 : 명..."
https://kr.indeed.com/viewjob?jk=031eec3794f09645,[데이터] 데이터 서비스/플랫폼 개발,성남 판교역,,"데이터 수집, 처리 및 지표 분석 경험 - 데이터 기반의 문제해결 역량 및 논리적 사고 - Java, Python, Scala 중 최소 1가지 언어를 이용한 데이터 분석 및 소프트웨어 개발 역량 - 통계분석, ML/AI..."
https://kr.indeed.com/viewjob?jk=c534ea87b63883bd,"국제 경제 애널리스트 (Analyst - Data Scientist, 병특 포함)",서울 마포구,,"신소재/재료공학, 화공학 전공자프로그래밍 언어, 통계, 분석 프로그램 활용 가능자데이터 이해/가공 위해 Python 등 다양한 S/W 활용 가능자 0 명 근무조건 고용형태: 정규직(수습기간3개월)근무부서: 물가분석팀, 통계분..."
https://kr.indeed.com/viewjob?jk=a5a1cdc789366517,디지털마케팅 경력,서울특별시,,"케이션 인프라 구축 및 운영 경험 보유자 - SEO 컨설팅 경험 및 개선 프로젝트 경험자 - SQL, R, Python 등 통계 패키지 활용 자격증 보유 및 데이터분석 역량 보유자 - AR/VR 활용 마케팅 컨텐츠 제작/활용..."
https://kr.indeed.com/viewjob?jk=3415a2ec10f41d98,[램플코딩학원] 온오프라인 코딩 강사,대전 서구,"시급 40,000원","우대사항]ㆍ전공계열: 공학계열(컴퓨터공학, 소프트웨어공학, 시스템공학)ㆍ자격증: 정보처리기사ㆍC언어, Python 가능자ㆍ아두이노 로봇 강의 가능자 우대ㆍ자격증반/대회반 교육 경력자 우대 00 명 근무조건 고용형태: 계약직..."
https://kr.indeed.com/viewjob?jk=b4421cc6802db30a,시니어 인프라 엔지니어,서울,,"키텍처 구성 경험이 있으신 분 Docker, ECS, K8S 등 컨테이너 기반의 서비스 운영 경험이 있으신 분 Python, Node.js, Typescript, GO 등 프로그래밍 경험이 있으신 분 추가 정보 우대 사항..."
https://kr.indeed.com/viewjob?jk=e30f13cd0a081eaa,국내1위/세계2위 초우량기업 데이터분석 과장급,서울 중구,,통신·모바일·게임>빅데이터·AI(인공지능)>R|인터넷·IT·통신·모바일·게임>빅데이터·AI(인공지능)> Python|인터넷·IT·통신·모바일·게임>빅데이터·AI(인공지능)>데이터분석|인터넷·IT·통신·모바일·게임>빅데이터·AI...
https://kr.indeed.com/viewjob?jk=b79acb8f4c6b4c0d,Research Engineer,서울,,"자격 요건) - 프로덕션 환경에서 발생하는 리얼 월드 문제들을 풀어 나가며 서비스와 함께 성장하고 싶으신 분 - Python 기반의 머신러닝 라이브러리를 활용한 개발에 익숙하신 분 (Tensorflow, Pytorch 등..."
https://kr.indeed.com/viewjob?jk=f317eb960a3ce005,Product Engineer - MPC/MDP/MDM,경기도 성남,,"experience... following: EDA with emphasis on semi OPC; C/C++, Python, TCL, MATLAB or any high-level programming language..."
https://kr.indeed.com/viewjob?jk=51d1df9a3cfbe418,(주)엘솔루 R&D본부 ASR팀 개발직,서울,,"제공 [필수사항] ㆍ프로그래밍에 재능 및 열정이 있는 자 ㆍJava, Python 중 하나 이상의 언어사용자 ㆍWeb 개발능력 ㆍ리눅스 사용 경험자... 머신러닝(ML)|인터넷·IT·통신·모바일·게임>응용프로그래머> Python"
https://kr.indeed.com/viewjob?jk=77f36f436c732078,[AWS] Application Developer,서울,,"experience (e.g. Java, Python, C++, Scala... 너와 서버리스 기술 경험 · 프로그래밍 언어 경험 (예 : Java, Python, C ++, Scala, Go, Ruby 등) · 애플리케이션 개발..."
https://kr.indeed.com/viewjob?jk=eba169ad2f8bfa95,Sr. Application Engineer - EBS,경기도 성남,,"programming language like Visual Basic, VBScript, or Python is also highly desirable Programming Skills like C language..."
https://kr.indeed.com/viewjob?jk=8806cf98af9948de,[대기업] 클라우드/IoT 플랫폼 개발,서울,,통신·모바일·게임>웹프로그래머> Python|인터넷·IT·통신·모바일·게임... 응용프로그래머>Linux|인터넷·IT·통신·모바일·게임>응용프로그래머> Python|인터넷·IT·통신·모바일·게임>시스템프로그래머>사물인터넷(IoT...
https://kr.indeed.com/viewjob?jk=8164d5e7100c5968,AI Frameworks Engineer Intern,서울,,Basic knowledge of deep learning technologies Programming with Python or Shell script Education Students who are currently...
https://kr.indeed.com/viewjob?jk=116009dbf59211ed,퍼즐데이터 역량있는 데이터 분석가,서울 역삼동,,"데이터 마이닝 및 통계분석에 대한 전반적인 이해 3. 관련분야(산업공학, 통계 등) 전공 4. R or Python 사용 능력 * 이런 분은 더욱 좋아요. 1. 프로세스 마이닝 지식 보유자 2. 관련분야 대학원 전공 3..."
https://kr.indeed.com/viewjob?jk=447e5726f229a2b7,"Cloud Technical Solutions Engineer, Networking, Google Cloud",서울,,"reading or debugging code (e.g., Java, C, C++, .NET, Python, Shell, Perl, JavaScript). Experience advocating for customer..."
https://kr.indeed.com/viewjob?jk=839879671ea513c5,[웹젠] DBA(신입),성남 분당구,,로운 기술과 도전을 좋아하는 분 - Data에 대한 관심이 높은 분 - Python 프로그램 경험이 있는 분 • 기타 - 수시채용은 공고 게시 중에도... 에 대한 관심이 높은 분 - Python 프로그램 경험이 있는 분 • 기타...
https://kr.indeed.com/viewjob?jk=ef98c82fd130b9e1,[AI] 연구 개발,성남 판교역,,"관련 배경지식 보유자 - Python, C, C++ 개발 경험... 개발 경력 2년 이상 - 머신러닝 프로젝트 또는 백그라운드 보유 - Python, C, C++ 개발 경험 - Pytorch, Tensorflow..."
https://kr.indeed.com/viewjob?jk=5ab0b45dfa93411b,Data Engineer 신입사원,서울 강남구,,"분류, 개인정보 비식별화, 불량 코퍼스 필터링 등 다양한 ML 프로젝트 (예정)[자격요건]- Julia / Python / R 중에서 자신 있는 프로그래밍 언어가 있는 분- 하나의 데이터도 놓치지 않고 꼼꼼하게 관리할 수..."
https://kr.indeed.com/viewjob?jk=4022f49bc50ef230,[보안] 네트워크/시스템 보안 관리,성남 판교역,,"경의 시스템 보안 관리 경험 - 정보통신망법, 개인정보보호법, 전자금융감독규정 등 컴플라이언스의 이해 - Python, Script Language 활용 능력 공통지원자격 - 병역필 혹은 면제로 해외여행에 결격 사유가..."
https://kr.indeed.com/viewjob?jk=2005391e64a9cce1,SK 실트론 개발/평가/분석 부문 (신입/경력),경상북도 구미,,"수행 경험 - FLUENT, COMSOL, Star-CCM+ 중 1개 이상 활용 경험 - C, C++, Python, Matlab, Fortran 중 1개 이상 활용 역량 유관 전공 : 재료, 기계, 화공 등 분석기..."
https://kr.indeed.com/viewjob?jk=a692f83229bd339f,Datacenter Engineer,서울,,"Base Operating System Install • Some experience with Perl, Python, Bash or Java • Core OS Services: ssh, telnet, ftp, nfs..."
https://kr.indeed.com/viewjob?jk=30e17a7d8ce9d4d4,Software Engineer,서울,,"writing optimal code... least one stack (Java, Go, Ruby, Python) Ability to work collaboratively and cross-functionally..."
https://kr.indeed.com/viewjob?jk=91bddba7f7620d51,"[대형증권사] LP/MM 시스템 개발 및 운영,유지보수",서울 강남구,,레이딩 시스템에 대한 이해 및 열정 보유 <우대사항>C++/JAVA/ Python 프로그래밍 가능 0 명 근무조건 고용형태: 정규직급여조건: 연봉 협의... 통신·모바일·게임>웹프로그래머> Python|인터넷·IT·통신·모바일·게임...
https://kr.indeed.com/viewjob?jk=8af26b37623864c4,8퍼센트 개발자 (신입/경력),서울 종로구,,개발 금융 데이터 분석과 분석 플랫폼 운영 자격요건 컴퓨터 전공자 또는 웹 개발 경력 1년 이상 우대사항 Python 코드를 무리 없이 읽으실 수 있는 분 Linux/Mac 사용 가능한 분 새로운 기술에 대한 호기심을 가지신...
https://kr.indeed.com/viewjob?jk=cae856b09262a4bb,2월 11번가 Backend 개발 경력공채,서울 중구,,"2. 활용기술[서버 개발] - Spring Boot 2.x, Spring Cloud, Reactor, Python, Node.js - Oracle, MongoDB, MySQL, Kafka, Redis, Spring Cloud..."
https://kr.indeed.com/viewjob?jk=a0dda478567db352,"(주)트윔 개발자(경력직) 빅데이터,영상처리,머신비전/AI 딥러닝",경기도 화성,,"자기주도적으로 진행한 경험 - Python/C/C++ 능통자 - 데이터... RNN 등 딥러닝 이론 및 알고리즘 유경험자 - C/C++, Java, Python/TensorFlow/Caffe 사용가능자 - Matlab/R 분석..."
https://kr.indeed.com/viewjob?jk=ccd4f5407a32ba6a,Data Scientist,서울,,"analysis a plus, Programming... scripting exp.: eg. Python, C#, VBA, Java, Perl, etc. Experience in applied analytics..."
https://kr.indeed.com/viewjob?jk=9ab2041ab3380a21,카카오톡 안티어뷰징을 위한 데이터/백엔드 엔지니어 및 머신러닝 전문가 모집,성남 판교역,,"Engineer, Data Scientist 해당 분야에서 활용되는 언어 및 도구를 능숙하게 다룰 수 있는 분( Python, Scala, PyMC, PySpark, Tensorflow 등) 우대 사항 컨테이너 환경에서의..."
https://kr.indeed.com/viewjob?jk=14d5f070330861c8,[제약] 신약 분자설계 연구(선임/책임),성남 분당구,,구원 (총 1명). 학력/ 분야 : 석사 및 박사 / 분자모델링 [우대사항]`모델링 소프트웨어 활용능력 - Python 등 programming 경험자 우대 - 병역특례 가능 의료·간호·보건·복지>약무·제약>제약연구개발|전자...
https://kr.indeed.com/viewjob?jk=ffacf5c4b4ca412c,물류 수/배송 최적화 및 거점 네트워크 설계 전문가 (유명 대기업),서울,,"물류 관련 GIS 분석 및 구축 경험 (Skill/Qualification) - C, C++, Java, Python - Gurobi, Cplex Solver 경력사항: 해당 경력(3년 이상 ) 학력사항: 대학교(4년)졸업..."
https://kr.indeed.com/viewjob?jk=f21952a2d7a0bfd8,"[Robotics] Robotics Software Engineer, Navigation",서울,,"요역량 ㅇ 컴퓨터 공학, 로봇 공학, 전자 공학 등 관련 기술 분야 석사 이상 학위 또는 3년 이상의 경력 ㅇ Python 혹은 C++ 언어의 능숙한 활용 ㅇ ROS/ROS2 혹은 유사한 framework를 활용한 robot..."
https://kr.indeed.com/viewjob?jk=e96099b3e473d165,아이나비 ADAS 영상처리 알고리즘 개발자 신입 및 경력 모집,성남 삼평동,,신입무관 - 영상처리 알고리즘 개발 유경험자 - 딥러닝에 기반한 영상 분석 및 인식에 대한 이해 - Python/C++에 대한 능숙한 개발 경험 우대사항 - 관련분야 석·박사급 전공자 - Vehicle / Lane...
https://kr.indeed.com/viewjob?jk=590b2c305431c4ca,Software Engineer (Point Cloud Processing),서울,,experience in software development Highly skilled in C++ and Python Experience in Microservices Enthusiasm to learn new...
https://kr.indeed.com/viewjob?jk=b9e398dad2b59007,"[대기업] 딥러닝 (AI, 영상인식) 전문가 (석박사급)",서울,,공지능)>딥러닝|인터넷·IT·통신·모바일·게임>빅데이터·AI(인공지능)> Python|인터넷·IT·통신·모바일·게임>빅데이터·AI(인공지능)>데이터분석... 통신·모바일·게임>응용프로그래머> Python|인터넷·IT·통신·모바일·게임...
https://kr.indeed.com/viewjob?jk=053378a070533ffc,DBA,서울 강남구,,"경험이 있으신 분 MySQL 모니터링 및 트러블 슈팅 경험이 있으신 분 스크립트 언어 사용이 가능하신 분 ( Python, Shell 등) [우대요건] Kubernetes 환경 경험이 있으신 분 부하테스트를 즐겨하시는 분 긍정..."
https://kr.indeed.com/viewjob?jk=df86d9b3c5f1ead7,5G R&D 소프트웨어 개발자,서울,,"Erlang, Java, Python Domain experience... 프로그래밍 언어: C, C++ (필수) / Erlang, Java, Python(우대) 기술 분야: 라디오 엑세스 네트워크, 5G NR, LTE..."
https://kr.indeed.com/viewjob?jk=eaa02bda27910226,사물인터넷(IoT) 개발자 정규직,경기도 파주,,통신·모바일·게임>시스템프로그래머>임베디드(Embedded)|인터넷·IT·통신·모바일·게임>응용프로그래머> Python|인터넷·IT·통신·모바일·게임>소프트웨어·하드웨어>하드웨어|인터넷·IT·통신·모바일·게임>소프트웨어·하드웨...
https://kr.indeed.com/viewjob?jk=45270f7fa037cf9c,"2022년 상반기 주식회사 쏘마 전 개발 직군 (백엔드, 프론트엔드 외 신입/경력 정규직)",성남 분당구,,트엔드|인터넷·IT·통신·모바일·게임>웹프로그래머> Python|인터넷·IT·통신·모바일·게임>응용프로그래머>C·C++|인터넷·IT·통신·모바일·게임>응용프로그래머> Python|인터넷·IT·통신·모바일·게임>빅데이터·AI(인공...
https://kr.indeed.com/viewjob?jk=b2eb1fe78ff9ee5f,[대기업] 데이터분석가 경력 (대리~과장급 2명),서울,,"경력5년 이상-통계분석과 Machine Learning알고리즘에 대한 기본지식 보유-SQL, SAS, R, Python 중2개 이상의 분석도구에 대한 기본 이해-현상에 대한 문제인식과 적극적인 문제해결의지-통계적 수치에 대한..."
https://kr.indeed.com/viewjob?jk=e91b5984e7f5d3fd,"데이터베이스개발자, 웹개발 신입/경력 정규직",서울 영등포구,"연봉 36,000,000원 - 60,000,000원","개발자 ㆍCss/html 등 웹디자인 관련 유경험자 ㆍ자바스크립트, Python, C++, 닷넷 등 ㆍNode, Selenium, electron... 관련 유경험자ㆍ자바스크립트, Python, C++, 닷넷 등 ㆍNode..."
https://kr.indeed.com/viewjob?jk=0d6b12bb541bb8ca,"목동 컴퓨터 학원 코딩 강사 (정규직 및 계약직,경력무관)",서울 양천구,,"2,3년)졸업 이상 기타: [IT·문화·직업강사] - C, C++, Python 언어 수업 가능자 [교육상담·학원에이전트 ] - CS 마인드 보유자... 문화·직업강사]- C, C++, Python 언어 수업 가능자[교육상담..."
https://kr.indeed.com/viewjob?jk=75c17bc2904bba52,[TmaxOS/R&D] OS부문 개발자,성남 분당구,,CD 개발 운영 [주 사용 언어] - C/C++ - JavaScript/TypeScript - Java - Python 자격요건 - 4년제 대졸(학사) 이상 / 기졸업자 또는 22년 8월 졸업 예정자 - 컴퓨터 및 전산관련...
https://kr.indeed.com/viewjob?jk=c4145dce440c02f8,[전문연구요원 신규편입/전직] SW Engineer/Backend/Frontend 개발자,서울 서초구,,백엔드|인터넷·IT·통신·모바일·게임>웹프로그래머>프론트엔드|인터넷·IT·통신·모바일·게임>웹프로그래머> Python|인터넷·IT·통신·모바일·게임>응용프로그래머>Linux|인터넷·IT·통신·모바일·게임>응용프로그래머>인공지능...
https://kr.indeed.com/viewjob?jk=6cfffc13b8a012c3,Product Test Engineer,서울,,"Knowledge of Compute Language in either C++/C or VB, Python is preferred.. Good command of oral and written English. Good..."
https://kr.indeed.com/viewjob?jk=8a0f5a8857c12e2e,시스템엔지니어 신입/경력 정규직 [전문연구요원 지원 가능],용인 수지구,,"3. 위성 ETB 및 AIT, 우주환경시험 유경험자 4. C/C++/ Python 활용 가능자 5. 영어 가능자 6. 전문연구요원 지원 가능 (주)루미... 환경시험 유경험자4. C/C++/ Python 활용 가능자5. 영어 가능자6..."
https://kr.indeed.com/viewjob?jk=0d10d8993d3cdfa9,HW/SW 분야 직무 교육 전문강사,서울 강남구,,통신·모바일·게임>응용프로그래머>인공지능(AI)|인터넷·IT·통신·모바일·게임>빅데이터·AI(인공지능)> Python|인터넷·IT·통신·모바일·게임>빅데이터·AI(인공지능)>빅데이터|인터넷·IT·통신·모바일·게임>빅데이터·AI...
https://kr.indeed.com/viewjob?jk=e00d3977d633da67,[쿠키런: 오븐브레이크] 데이터 분석가 (경력),서울 강남구,,통신·모바일·게임>ERP·시스템분석·설계>데이터분석|인터넷·IT·통신·모바일·게임>응용프로그래머> Python|인터넷·IT·통신·모바일·게임>웹프로그래머> Python|인터넷·IT·통신·모바일·게임>데이터베이스·DBA>SQL
https://kr.indeed.com/viewjob?jk=06d133676285b02e,[보안] 침해사고 대응 보안,성남 판교역,,"팩트 자동 수집 도구 개발 경험 - 아티팩트 분석 도구를 능숙하게 사용 가능하신 분 - C, Java, Python 등을 통한 업무 자동화 및 분석도구 개발 경험 - 기업 CERT 직무 수행 경험 - CVE 실무 경험..."
https://kr.indeed.com/viewjob?jk=1961a1ecccb03336,[NIT Service] 네이버 파이낸셜 플랫폼 운영,성남 분당구,,"및 어플리케이션 배포 전략 지식 보유 - Shell script, python 및 web framework 등 기타 프로그래밍 언어 활용 가능... 보유 - Shell script, python 및 web framework..."
https://kr.indeed.com/viewjob?jk=f862c821b0734933,[NAVER Cloud] Media 서비스 개발,서울,,"다양한 개발 경험 또는 Go, Python, C/C++등을 이용한 플랫폼... 가능하신 분 - Java, Kotlin, Golang, C, C++, Python, node.js, typescript 등으로 작성된 코드 및 프레임..."
https://kr.indeed.com/viewjob?jk=b6d169aa029a45a6,[강남/스타트업] 에이스랩 자율주행 엔지니어,서울 강남구,,"공학 등 관련학사혹은 상응하는 지식- 프로그래밍 능력 (C/C++, python, etc)자세한 업무 및 자격 요건은 자사 홈페이지에서 확인 00 명... 통신·모바일·게임>응용프로그래머> Python|인터넷·IT·통신·모바일·게임..."
https://kr.indeed.com/viewjob?jk=6d389529bece608b,자동차 전장 Security 분야 전문가,서울 강서구,,식에 대한 이해 - Linux 사용 경험 보유 (1년 이상) - Shell Scripting 제작 또는 Python Programming 경험 2. 우대사항 - SDL (Security Development Lifecycle...
https://kr.indeed.com/viewjob?jk=53fbfe54f327d9dc,AI Software Engineer,경기도 성남,,"TensorFlow 5+ years of programming experience in Python, C/C++ and MATLAB Experience working with other developers using Git..."
https://kr.indeed.com/viewjob?jk=fc037709d0770796,System SW 엔지니어,성남 분당구,"연봉 40,000,000원 - 100,000,000원",사항: 대학교(4년)졸업 이상 [기본 요구능력] - ASM/C/C++/ Python 언어 코딩 기술 - 운영체제 SW 설계 및 구현 - 알고리즘/네트워... 게임>빅데이터·AI(인공지능)> Python|인터넷·IT·통신·모바일·게임...
https://kr.indeed.com/viewjob?jk=b25a378d97c7a56c,[AI] 서비스/시스템 개발,성남 판교역,,"Elasticsearch 사용 경험 - MSA 에 대한 이해 - Python, C, C++ 개발 경험 - Docker 및 Container... 이용한 로그 시스템 운영 - Python 개발 경력 3년 이상 또는 그에..."
https://kr.indeed.com/viewjob?jk=180dac6dbe6afaed,[NHN Cloud] 머신러닝 연구 및 개발,성남 판교역,,"C++, Java, Python [머신러닝 서비스 개발] Job... TensorFlow, PyTorch - C++, Java, Python 공통지원자격 - 병역필 혹은 면제로 해외여행에 결격 사유가 없는 자..."
https://kr.indeed.com/viewjob?jk=b8ad49577d39559c,웹개발자,경기도 하남,"월급 3,000,000원","jsp, css, html 유경험자-JAVA,SPRING BOOT, AI 인공지능, REST API, PYTHON 경험-AI 이미지 인식 관련 기본 지식 (CNN등) [근무시간 및 형태] 주 5일 근무 (오전) 8시 30분..."
https://kr.indeed.com/viewjob?jk=613e8260c0a33e9d,[NAVER Cloud] 빅데이터 분석 플랫폼 엔지니어,성남 분당구,,게임>응용프로그래머>JAVA|인터넷·IT·통신·모바일·게임>응용프로그래머> Python|인터넷·IT·통신·모바일·게임>빅데이터·AI(인공지능)> Python|인터넷·IT·통신·모바일·게임>빅데이터·AI(인공지능)>빅데이터|인터넷...
https://kr.indeed.com/viewjob?jk=69d3cc2cca262747,Machine Learning Engineer Intern - Korea,서울,,"Strong algorithms and data structure skills. Fluent... least one programming language including Python, Java, and Golang."
https://kr.indeed.com/viewjob?jk=0699e6dbb5a0ec38,Software Engineer,서울,,"skills with co-worker Good Programming Skills in C#, C, Python Embedded FW development Generate GUI (Graphic User..."
https://kr.indeed.com/viewjob?jk=b3a6c83c9debcb92,네이버 파이낸셜 플랫폼 운영,성남 삼평동,,"Docker(kubernetes) 및 어플리케이션 배포 전략 지식 보유 - Shell script, python 및 web framework 등 기타 프로그래밍 언어 활용 가능 - 국가보훈대상자 및 장애인은 법령에 의거..."
https://kr.indeed.com/viewjob?jk=555c31d136dccadb,응용소프트웨어 설계 및 개발(Python),포항 남구,"월급 2,500,000원",직무내용] 자동화 시스템 설계 및 개발 [근무시간 및 형태] 주 5일 근무 09:00~18:00 주소정근로시간 : 40시간 [급여조건] - 월급 2500000원 이상 - 상여금 : 400% (미 포함) - 면접 후 결정 가능...
https://kr.indeed.com/viewjob?jk=ba6a0ebb6ad9cd18,[NHN Cloud] IT 인프라 운영 도구 개발,성남 판교역,,"모니터링 시스템 Web 개발 - 경력 4년 이상 - Linux 환경(LAMP) 경력 3년 이상 - Python, Django, Javascript, PHP 경험 - 다양한 Front-end 프레임 워크 사용 경험..."
https://kr.indeed.com/viewjob?jk=13059ac76a29fa54,Data Engineer (Python Backend 경력자),서울 서초구,,데이터·AI(인공지능)> Python|인터넷·IT·통신·모바일·게임>응용프로그래머>인공지능(AI)|인터넷·IT·통신·모바일·게임>응용프로그래머>클라우드|인터넷·IT·통신·모바일·게임>응용프로그래머> Python|인터넷·IT·통신...
https://kr.indeed.com/viewjob?jk=bf353e320cf24f99,소프트웨어 엔지니어,서울 서초구,,필요한 기능과 서비스를 구현해요. 이런 분을 찾고 있어요 Go / Python / Java 등 최소한 하나 이상의 언어에 능숙하신 분대규모 트래픽... 통신·모바일·게임>웹프로그래머> Python|인터넷·IT·통신·모바일·게임...
https://kr.indeed.com/viewjob?jk=cadddc1d517bc19b,Renewable Energy Analyst,서울,,"other solar energy modeling tools; Experience utilizing Python, R or Matlab (or similar) for statistical analysis and data..."
https://kr.indeed.com/viewjob?jk=e11919aa1a40d234,Software Intern,서울,,"good communication skills Good Programming Skills in C#, C, Python Understanding of attached peripherals (I2C, SPI) Basic..."
https://kr.indeed.com/viewjob?jk=c35e9b72a11aa338,[신입/경력] 의료영상/음성인식/생체신호 연구원,서울 서초구,,게임>빅데이터·AI(인공지능)>인공지능(AI)|인터넷·IT·통신·모바일·게임>빅데이터·AI(인공지능)>딥러닝|인터넷·IT·통신·모바일·게임>응용프로그래머>C·C++|인터넷·IT·통신·모바일·게임>응용프로그래머> Python
https://kr.indeed.com/viewjob?jk=192c20f6f0f64ab3,[2022 전문연구요원] AI R&D - Language AI,성남 판교역,,"기술을 서비스에 적용하기 위한 MLOps 플랫폼을 개발합니다. 지원자격 학력 : 석사 이상 필수조건 - Python, Java등 한 가지 이상의 컴퓨터 프로그래밍 언어를 활용할 수 있으신 분 - 머신러닝/딥러닝 기술에 대한..."
https://kr.indeed.com/viewjob?jk=82d47e44be45bb97,Junior Structural Engineer,서울,,"365. Structural Modeling software : Midas, Sofistik… IT language: Python (nice to have) . Job Segment: Structural Engineer..."
https://kr.indeed.com/viewjob?jk=ad07d6a330fb619a,[NHN Cloud] 운영 및 기술지원,성남 판교역,,"Linux, Microsoft Solutions 등) - 2년 이상의 개발 경험 (Java, Python 등) - 기술 문서 작성 및 가이드 경험이 풍부한 자 - 대외 고객 기술 지원 경험 - Windows..."
https://kr.indeed.com/viewjob?jk=e5cf3dda5a485def,[NAVER Z] 3D 리거,성남 분당구,,"있는 분이 필요합니다.- 협업을 우선시하고, 열린 자세로 업무에 임할수 있는 분이 필요합니다.우대사항- Python 등 스크립트 작업이 가능하신 분을 선호합니다.- Unity 경험이 있으신 분을 선호합니다.- 항상 능동적인..."
https://kr.indeed.com/viewjob?jk=8c32b5db8ab28c7d,"[광고 추천] 데이터 과학자, 기계학습(머신러닝) 전문가 모집",성남 판교역,,"학습(머신러닝), 딥러닝에 관한 지식과 경험이 풍부한 분 하나 이상의 프로그래밍 언어에 능통한 분 (예, Python, R, Java, Scala, C/C++, Golang 등) 단, 주니어는 기계학습 기초 지식과 개발 역량..."
https://kr.indeed.com/viewjob?jk=df21e3bb5d773616,Python Programmer,서울 서초구,,개발 – JAVA 프로그래밍(라이브러리 활용) – Spring 프레임 워크 개발 – Python API 프로그래밍 우대사항 – Python 개발 경험 – Open Source 라이브러리 개발경험 – Web 표준에 대한 경험...
https://kr.indeed.com/viewjob?jk=5861c2740c908a50,(서울시 용산) 전문 분석관 (석사),서울 용산구,,"학위 이상ㆍ정보처리기사 자격 소지 ㆍ데이터 또는 무기효과 분야 연구 유경험자ㆍ통계/공학 SW(Matlab, Python, R 등) 운용 가능자 0명 서울시용산구 접수기간 2022년 2월 6일(일)까지 제출서류 이력서(이력..."
https://kr.indeed.com/viewjob?jk=1750764e7fad99ec,[키움투자자산운용] 자산배분전략팀 팀원 (사원~대리급),서울 영등포구,,및 우대사항 금융·보험·증권>투자·분석·증권·외환>자산관리|인터넷·IT·통신·모바일·게임>응용프로그래머> Python|인터넷·IT·통신·모바일·게임>소프트웨어·하드웨어>소프트웨어|마케팅·광고·홍보·조사>조사·분석·통계>설문...
https://kr.indeed.com/viewjob?jk=1399ee2f387a27dd,카카오 전체의 계정 플랫폼을 만들 서버개발자 모집,성남 판교역,,"를 사용한 웹어플리케이션 개발 하둡 에코시스템을 활용한 대용량 데이터 처리 Ruby on Rails, Python 을 사용한 개발 Kafka, Redis, Elastic Search 등을 활용한 개발 함께 성장하고 싶다면..."
https://kr.indeed.com/viewjob?jk=bfe0f5ac4f32ec89,추천 통계분석/데이터사이언티스트,성남 판교역,,"통계, 수학 관련 분야의 석사 또는 박사 학위 소지자 숙련된 데이터분석 능력 데이터 사이언스를 위한 언어( Python/R) 를 하나 이상 능숙하게 다룰 수 있으신 분 분석 결과를 설득력있게 전달할 수 있는 분 우대사항..."
https://kr.indeed.com/viewjob?jk=d8918f984b349ea6,[국비무료/취업연계] 실무프로젝트 기반 빅데이터/핀테크/인공지능 연수생,서울 중구,,통신·모바일·게임>웹프로그래머> Python|인터넷·IT·통신·모바일·게임... 프론트엔드|인터넷·IT·통신·모바일·게임>빅데이터·AI(인공지능)> Python|인터넷·IT·통신·모바일·게임>빅데이터·AI(인공지능)>인공지능(AI...
https://kr.indeed.com/viewjob?jk=9d03965e8523cea6,[SAPEON Korea] Deep Learning 개발자,성남 분당구,,변환 도구 개발 및 최적화 [필요역량 및 직무경험] C/C++ 또는 Python에 대한 깊은 이해 및 능숙한 개발 능력 소프트웨어 설계 및 알고리즘... 통신·모바일·게임>웹프로그래머> Python|인터넷·IT·통신·모바일·게임...
https://kr.indeed.com/viewjob?jk=0e25160b5a1d095f,[유통 대기업] Business Analyst(비지니스분석가) 과차장급,서울,,"이터 컨설팅 또는 비즈니스 컨설팅 경력 5년 이상 보유 -SQL, R, Python 중 1개 이상의 분석 도구 활용 경험 보유 -비지니스에 대한 문제... 게임>빅데이터·AI(인공지능)> Python|인터넷·IT·통신·모바일·게임..."
https://kr.indeed.com/viewjob?jk=a1d1d5bf76c45576,2022년 2월 경력사원 (설비기술),청주 오창읍,,"개선을 위한 알고리즘 개발 필수사항 - 관련 업무 경력 10년 이상 - Data 분석 및 SW 설계 경력 ( Python, R, Spotfire, C++ 등) - 실시간 데어터 분석/처리/시각화 역량 우대사항 - 빅데이터 분석..."
https://kr.indeed.com/viewjob?jk=d39d5624bfcc6b01,인사분야 신입사원 모집,서울 역삼동,,"기획 • 전공무관 (상경계열 전공 우대) Trading • 전공무관 (상경/화공계열 전공 우대) • Python, VBA 등 코딩 능숙자 우대 재무(회계) • 전공무관 (재무관리/파생상품 관련 전공 우대) 구매..."
https://kr.indeed.com/viewjob?jk=0064deb5fa9cbce0,데이터 사이언티스트 모집,성남 판교역,,"실험을 통해 알고리즘을 개선합니다. • 지원자격 지원자격 하나 이상의 프로그래밍 언어에 익숙한 분( Python, Java, C/C++, Scala 등) 머신러닝/딥러닝 오픈소스를 이용하여 1년 이상 특정 서비스에 모델..."
https://kr.indeed.com/viewjob?jk=fc09bd46b913c048,[NHN Cloud] 시스템 엔지니어링,성남 판교역,,"운영 경험 보유 - 쉘 스크립트 또는 프로그래밍 개발 스킬 보유 * Bash, PowerShell, Python, JAVA, etc * 운영 자동화/효율화 경험 보유 - 대용량 트래픽 처리를 위한 인프라 설계와 구축..."
https://kr.indeed.com/viewjob?jk=b58df20c5beab3e9,IT교육 교구 개발자 (펌웨어),제주 제주시,"월급 2,000,000원","Linux 계열 언어 : Python 또는 C MCU, GPU : Arduino, Raspberry Pi, NVIDIA Jetson 계열, 기타 임베디드 보드 필요지식 및 능력 Python 또는 C 가능자 우대경력 블록코딩..."
https://kr.indeed.com/viewjob?jk=98a3e3328fec92db,데이터 엔지니어,서울,,"end pipeline의 개발 ( Python, Airflow, k8s 활용... 데이터베이스 등 기본적인 전산 지식에 대한 이해를 갖추신 분 - Python / Java / Scala / Kotlin / Go 등의 언어로 개발..."
https://kr.indeed.com/viewjob?jk=cda0aa8499766eeb,데이터 엔지니어,서울,,"에서의 데이터 파이프라인 구축 및 운영 경험 GA, Tableau 등 외부 분석/시각화 도구에 대한 지식 Python, Java, Scala 중 하나 이상을 이용한 개발 경험 추가 정보 지원 서류 안내 제출서류 : 이력..."
https://kr.indeed.com/viewjob?jk=4d6fa0f1b9726d7c,디지털 미디어 매니저(퍼포먼스&브랜딩) 신입/경력,서울 서초구,,[우대 요건] 1) 마케팅 전공자 2) 영어 커뮤니케이션 가능자 3) Python을 통한 프로그래밍 가능자 4) 구글 및 페이스북 셀프서브 가능자 5) GA 및 써드파티 트래커 활용 가능자 마케팅·광고·홍보·조사>마케팅>온라인마케팅
https://kr.indeed.com/viewjob?jk=e34c06d01e1f387e,[NAVER Cloud] 리눅스 배포판 개발,성남 분당구,,"[역할]리눅스 OS 배포판 제작 업무- 리눅스 배포판 관련 소스 분석- C , Python 등을 이용하여 소스 분석 및 수정- 빌드 시스템 및 버그질라 시스템... 통신·모바일·게임>응용프로그래머> Python|인터넷·IT·통신·모바일·게임..."
https://kr.indeed.com/viewjob?jk=ab58a5f77dd9c9c8,[NAVER Cloud] 빅데이터 분석 플랫폼 개발,성남 분당구,,빅데이터|인터넷·IT·통신·모바일·게임>빅데이터·AI(인공지능)> Python|인터넷·IT·통신·모바일·게임>ERP·시스템분석·설계>빅데이터|인터넷... 로그래머>JAVA|인터넷·IT·통신·모바일·게임>응용프로그래머> Python
https://kr.indeed.com/viewjob?jk=cae2de07045cfb2b,"Java, Python 영상툴 개발자",서울 마곡동,,원하면 가능) 담당업무 - 영상 라벨링 Tool 개발 - Tool 정확성 개선 자격요건 - Java - Python 우대사항 - 관련 개발 경력 - 툴개발 경력 근무조건 - 월~금 AM9:30 ~ PM18:30 복지...
https://kr.indeed.com/viewjob?jk=b9499f4d0a5a9c36,"Visual C++, Python 이용한 소프트웨어 개발 및 유지보수가 가능한 인재",용인 기흥구,"연봉 35,000,000원 - 40,000,000원","용부문 : - Visual C++, Python 을 이용한 소프트웨어 개발... 및 자격요건 담당업무 자격요건 인원 [담당업무]Visual C++, Python 을 이용한 소프트웨어 개발 및 유지보수가 가능한 인재 0명 - 계측장..."
https://kr.indeed.com/viewjob?jk=05b54a7b23b66511,2022년 2월 경력사원 (제조지능화),청주 오창읍,,"경험 - 빅데이터/AI 경험(R, Python,SAS 등 분석 Tool 활용... 구축 및 거버넌스 수립 - 분석솔루션(Spotfire, SAS, R, Python) 전파 필수사항 - 관련 업무 경력 8년 이상 - 분석 시스템 구축..."
https://kr.indeed.com/viewjob?jk=23872d520aa9ead5,데이터 엔지니어 전문가,서울특별시,,"EMR/Athena, Google Firebase/BigQuery 등) . Unix/Linux 환경 경험 . Python/SQL/NoSQL Scripting Language 사용 및 협업 경험 우대 사항 - 엔터프라이즈 데이..."
https://kr.indeed.com/viewjob?jk=609e56cc13d5a4ff,클라우드 보안 서비스 담당자 [경력],서울 강남구,,포함한 TCP / IP 프로토콜 스택 및 OSI 모델의 실제 응용 프로그램에 대한 깊은 지식- Linux 기술- Python / Shell 프로그래밍을 활용한 작업 자동화 및 도구 개발 가능자 우대사항 영어 / 중국어 가능자...
